{
    "loss": 3.8093841075897217,
    "accuracy": 0.5467625856399536
}