{
    "loss": 22.32303810119629,
    "accuracy": 0.5179855823516846
}